client_hash,decision
6e59e44a7dce9ff4a86433e4cee9eb9030a659c603b502ac061cc9e293b1ac63,Accept
92dbe087c4830d6448419b5e5aa29318c4c89c7d0d311e95c4736f4b38108772,Accept
f837136b0b5c59c1b41dc744de0128cbc3a25fbcca5c843d462d89c4cfa3007b,Accept
c1c1ade2ffd864aeef4dc7259adbd1328aa5bd3c8698df55fd184f9ba8d28222,Accept
09a22531689781d53079a8eb07a2430e0cb53324be45d5e169bdcd39e6e73cd4,Accept
8615dd675731257ccbdfd4ac4bc9de83b4ea24d243d745357258eaafaf49102e,Accept
05118762324285938032e5cbb2830389a2aab7663033386ba8c412e605369e76,Accept
0b9f1612bb083b8c4415335ea405b2731a94edcd6dd4c023cec1106f3aa2b67e,Accept
a1a77790278432e4efb8d4dd7402398633f8159626a89723b582605206e56268,Accept
2f51332e496c08fef44b14050135bad0dd75c4a67f9c4484375e47a6cac1315a,Accept
ab21a560c10784aaa3b81f0f1e4a89382e162dc6ce06c0490a929597d3ae9c60,Accept
3f8a9bbcfaa026cf732e1e2ea02c79ff41ef4766a3b91205fa5690d545c641ee,Accept
